city_ascii,country,lat,lng,tasmax_thresh,pr_thresh
Tokyo,Japan,35.6897,139.6922,33.394143066406286,48.17222070693964
Jakarta,Indonesia,-6.175,106.8275,37.676044616699244,26.906270524486864
Delhi,India,28.61,77.23,42.77027954101567,82.71746443212028
Guangzhou,China,23.13,113.26,36.028766784667994,42.438745519146295
Mumbai,India,19.0761,72.8775,38.621783752441445,164.09270681440833
Manila,Philippines,14.5958,120.9772,32.41062194824224,66.41512256115686
Shanghai,China,31.1667,121.4667,34.6388543701172,47.1485903207212
Sao Paulo,Brazil,-23.55,-46.6333,33.87729064941281,31.961780394427514
Seoul,South Korea,37.56,126.99,32.70057525634769,75.64307401701808
Mexico City,Mexico,19.4333,-99.1333,34.96348358154302,28.746808117255586
Cairo,Egypt,30.0444,31.2358,39.78677734375003,10.25826323311776
New York,United States,40.6943,-73.9249,34.05532257080043,49.64368541724982
Dhaka,Bangladesh,23.7639,90.3889,37.85665405273437,87.13933825492859
Beijing,China,39.904,116.4075,38.127477111816404,37.771277801133685
Kolkata,India,22.5675,88.37,40.71539764404298,57.332301579415784
Bangkok,Thailand,13.7525,100.4942,41.91040802001953,27.758887203410264
Shenzhen,China,22.535,114.054,34.67400390625005,53.249935219064575
Moscow,Russia,55.7558,37.6178,30.87306732177734,20.04813573835418
Buenos Aires,Argentina,-34.5997,-58.3819,35.95529876708986,65.66775888204582
Lagos,Nigeria,6.455,3.3841,40.75490722656252,30.30025118496269
Istanbul,Turkey,41.0136,28.955,34.08978302001958,33.184076872654266
Karachi,Pakistan,24.86,67.01,38.35822601318364,89.34256307780741
Bangalore,India,12.9789,77.5917,37.81004150390629,63.689672749489596
Ho Chi Minh City,Vietnam,10.7756,106.7019,40.50699035644533,35.861210335045925
Osaka,Japan,34.6939,135.5022,36.70271270751954,51.27303209155795
Chengdu,China,30.66,104.0633,34.574310607910206,24.580744388513313
Tehran,Iran,35.6892,51.3889,41.7988269042969,28.43593010120094
Kinshasa,Congo (Kinshasa),-4.325,15.3222,35.73893859863284,34.625728628598125
Rio de Janeiro,Brazil,-22.9111,-43.2056,34.87061370849098,28.783274651505053
Chennai,India,13.0825,80.275,39.9281549072266,59.096847429871566
Xi'an,China,34.2667,108.9,38.00679748535157,34.83558129239814
Lahore,Pakistan,31.5497,74.3436,43.54254882812501,72.42645446956162
Chongqing,China,29.55,106.5069,37.39573303222659,32.761964673176394
Los Angeles,United States,34.1141,-118.4068,31.983116760250585,84.70005436241625
Baoding,China,38.8671,115.4845,38.76089355468753,32.92010609060526
London,United Kingdom,51.5072,-0.1275,27.662078857421875,20.279089738614857
Paris,France,48.8567,2.3522,32.92146606445317,18.83582470938564
Linyi,China,35.1041,118.3502,35.39384613037112,49.29050663486123
Dongguan,China,23.0475,113.7493,35.92017974853519,43.6873280145228
Hyderabad,India,17.385,78.4867,42.26062744140626,69.60244217701263
Tianjin,China,39.1467,117.2056,38.09017150878907,37.9001812459901
Lima,Peru,-12.06,-77.0375,31.23531311035157,13.281944529153417
Wuhan,China,30.5872,114.2881,36.649699401855514,42.17654391378167
Nanyang,China,32.9987,112.5292,36.919577331542996,34.67525775544334
Hangzhou,China,30.25,120.1675,36.75108306884766,38.34753757528959
Foshan,China,23.0292,113.1056,36.24428375244145,40.26905476301907
Nagoya,Japan,35.1833,136.9,36.05095489501957,61.199616450816386
Tongshan,China,34.261,117.1859,36.29272247314458,41.418224852532155
Taipei,Taiwan,25.0375,121.5625,29.336114807128922,59.49491014704104
Luanda,Angola,-8.8383,13.2344,32.363669128417996,51.66418275609616
Zhoukou,China,33.625,114.6418,37.316737670898476,41.34904689341777
Ganzhou,China,25.8292,114.9336,37.2394989013672,37.446955530904276
Kuala Lumpur,Malaysia,3.1478,101.6953,34.99572784423833,30.895248837769035
Heze,China,35.2333,115.4333,37.62680541992188,42.13089575059708
Quanzhou,China,24.9139,118.5858,35.89870361328127,46.02682638913383
Chicago,United States,41.8375,-87.6866,34.11663360595708,35.30497848987579
Nanjing,China,32.0608,118.7789,35.28775360107426,40.366626000031836
Jining,China,35.4,116.5667,37.485914916992215,44.2294714227317
Hanoi,Vietnam,21.0283,105.8542,37.34862518310547,40.68721956387163
Pune,India,18.5203,73.8567,40.207751464843795,53.6603261232376
Fuyang,China,32.8986,115.8045,36.734049072265634,42.9177829027176
Ahmedabad,India,23.03,72.58,43.86091674804692,91.89653816074114
Johannesburg,South Africa,-26.2044,28.0456,35.37363616943361,39.05101771652697
Bogota,Colombia,4.7111,-74.0722,21.971885681148713,22.218220615759503
Shenyang,China,41.8025,123.4281,34.69887329101567,38.15352406818429
Dar es Salaam,Tanzania,-6.8161,39.2803,36.181986083984384,37.76280568353824
Khartoum,Sudan,15.5006,32.56,46.691943969726594,46.28846457973122
Shangqiu,China,34.4259,115.6467,37.142410583496144,38.865515328012435
Cangzhou,China,38.3037,116.8452,38.027048034667985,36.77744462806731
Hong Kong,Hong Kong,22.3,114.2,34.69853271484379,57.58861632272601
Shaoyang,China,27.2418,111.4725,35.80506286621096,29.635684154927738
Zhanjiang,China,21.1967,110.4031,35.59495330810552,45.535065528005426
Yancheng,China,33.3936,120.1339,34.3085925292969,45.289262898266294
Hengyang,China,26.8968,112.5857,36.41162322998048,32.15926079079498
Riyadh,Saudi Arabia,24.6333,46.7167,45.248944702148435,40.32396821491416
Zhumadian,China,32.9773,114.0253,36.709916992187516,39.16899193078276
Santiago,Chile,-33.4372,-70.6506,33.13304687500005,93.70192265510559
Xingtai,China,37.0659,114.4753,38.42687896728518,37.73114517331125
Chattogram,Bangladesh,22.335,91.8325,37.5053372192383,82.7761922366917
Bijie,China,27.3019,105.2863,29.560098876953134,22.854977295734
Shangrao,China,28.4419,117.9633,37.024187927246146,45.64157078415156
Zunyi,China,27.705,106.9336,33.48626556396488,27.271860952489078
Surat,India,21.1702,72.8311,41.017553710937534,98.6686285659669
Surabaya,Indonesia,-7.2458,112.7378,32.08322570800783,34.58998749777671
Huanggang,China,30.45,114.875,36.910780029296916,39.691105775535135
Maoming,China,21.6618,110.9178,35.714875183105505,45.71941023319964
Nanchong,China,30.7991,106.0784,36.21810791015628,28.660721126943827
Xinyang,China,32.1264,114.0672,35.9547137451172,39.21104636974633
Madrid,Spain,40.4169,-3.7033,38.84941406250002,24.447594311088213
Baghdad,Iraq,33.3153,44.3661,48.06501251220703,25.69885769113897
Qujing,China,25.5102,103.8029,30.4325228881836,26.021760687232018
Jieyang,China,23.5533,116.3649,36.2533901977539,46.494469296187276
Singapore,Singapore,1.3,103.8,35.38311492919922,30.836618950590466
Prayagraj,India,25.4358,81.8464,45.44212799072267,64.04302292503418
Liaocheng,China,36.45,115.9833,37.98926086425786,43.22123272530733
Dalian,China,38.9,121.6,31.391534118652373,75.07068514823914
Yulin,China,22.6293,110.1507,35.330474853515625,36.73396410048005
Changde,China,29.0397,111.6839,36.05304718017578,35.370648572221384
Qingdao,China,36.1167,120.4,32.14963104248051,56.5118862949312
Douala,Cameroon,4.05,9.7,38.02743438720705,34.28190276771785
Miami,United States,25.784,-80.2101,36.05478027343552,37.020069871097796
Nangandao,China,35.2992,113.8851,38.75502899169925,36.23111242242161
Pudong,China,31.2231,121.5397,33.64463867187504,51.16658934764563
Xiangyang,China,32.0654,112.1531,36.368099060058626,31.50985337980091
Dallas,United States,32.7935,-96.7667,40.86659118652313,55.119189463555806
Houston,United States,29.786,-95.3885,39.12539337157569,61.526403956115246
Zhengzhou,China,34.7492,113.6605,37.41422912597659,37.479021339677246
Lu'an,China,31.7542,116.5078,36.34795715332035,42.47794159501799
Dezhou,China,37.4513,116.3105,38.019866333007826,43.96160624921323
Jinan,China,36.6667,116.9833,37.233086242675824,43.66046208702027
Giza,Egypt,29.987,31.2118,40.04645416259768,11.664730031043291
Zhaotong,China,27.3328,103.7144,28.373476562500002,22.92808615788817
Yichun,China,27.8041,114.383,36.57435516357424,39.526552151888616
Nairobi,Kenya,-1.2864,36.8172,33.20674194335942,31.578393392264847
Guadalajara,Mexico,20.6767,-103.3475,37.065840759277364,29.015366557985494
Philadelphia,United States,40.0077,-75.1339,37.06259796142351,46.6344708502292
Ankara,Turkey,39.93,32.85,36.24819091796877,17.33762724325061
Tai'an,China,36.2001,117.0809,36.176771850585965,41.08804848510769
Dazhou,China,31.2152,107.4947,36.75112670898437,37.02330803498628
Langfang,China,39.5196,116.7006,38.039823303222704,33.397535054013126
Yongzhou,China,26.4515,111.5953,36.779215087890634,32.70099676307292
Toronto,Canada,43.7417,-79.3733,33.13563812255826,25.10612272471184
Suihua,China,46.6384,126.9808,34.33207305908206,26.5271658115089
Saint Petersburg,Russia,59.95,30.3167,29.47356658935547,15.473818767350137
Qiqihar,China,47.3398,123.9512,35.39935180664065,29.011904974468106
Suzhou,China,33.6333,116.9683,36.67989624023437,39.06222048215569
Monterrey,Mexico,25.6667,-100.3,38.81992645263251,57.7863823994994
Belo Horizonte,Brazil,-19.9167,-43.9333,35.37427459716292,32.78014512173832
Weinan,China,34.4996,109.4684,36.686138916015636,33.64576178044076
Rangoon,Myanmar,16.795,96.16,40.98818023681645,45.43799846246839
Zhangzhou,China,24.5093,117.6612,35.93832611083985,43.94797385483978
Yuncheng,China,35.0304,110.998,39.19716094970704,31.861960150301496
Xianyang,China,34.35,108.7167,37.635399780273474,34.31029886193572
Guilin,China,25.2819,110.2864,35.674060058593795,39.33779741730543
Atlanta,United States,33.7628,-84.422,36.86406219482391,50.14886267110707
Taizhou,China,32.4831,119.9,34.583661499023435,36.46616058424114
Kashan,Iran,33.9833,51.4333,40.743975219726565,25.1659642830491
Bozhou,China,33.8626,115.7742,37.020001831054685,39.095458433032036
Suqian,China,33.9331,118.2831,35.372149963378945,42.22188791446385
Abidjan,Côte d'Ivoire,5.3167,-4.0333,36.72872406005805,33.94143941625948
Huaihua,China,27.5494,109.9592,35.701075134277346,29.212908335030058
Ji'an,China,27.1172,114.9793,37.53166687011719,39.36675984319293
Xiaoganzhan,China,30.9273,113.911,36.36620544433595,39.895256850868435
Pingdingshan,China,33.735,113.2999,37.3135308837891,34.174496389925515
Jiujiang,China,29.7048,116.0021,36.54372253417972,45.0088269822299
Alexandria,Egypt,31.1975,29.8925,36.40919464111329,32.071921695023775
Mianyang,China,31.4669,104.7385,36.31502044677734,25.83189820870757
Sydney,Australia,-33.8678,151.21,33.89167266845703,47.061247956007726
Huanglongsi,China,34.795,114.345,38.21397796630862,37.55560498684645
Washington,United States,38.9047,-77.0163,38.09116760253885,42.90989499539136
Barcelona,Spain,41.3825,2.1769,32.417872009277346,38.62437016144396
Changsha,China,28.1987,112.9709,36.43694427490237,35.54969925060861
Chenzhou,China,25.7989,113.0267,35.86912689208987,35.34198736678802
Anqing,China,30.5,117.0333,36.04804077148441,44.71738328039644
Jiangmen,China,22.5833,113.0833,35.4581256103516,42.539779622107766
Xinpu,China,34.5906,119.1801,33.12905548095705,46.18770602345465
Yibin,China,28.7596,104.64,35.57342864990238,23.896984267048538
Yangzhou,China,32.3912,119.4363,34.83686737060549,37.554368974640965
Melbourne,Australia,-37.8142,144.9631,35.34392242431642,29.84807816985993
Berlin,Germany,52.52,13.405,32.14614929199223,16.94688976043836
Hengshui,China,37.7348,115.686,38.09447723388672,35.095696155913174
Timbio,Colombia,2.3445,-76.6839,25.560955810543053,37.13014981616289
Kunming,China,25.0433,102.7061,30.220659179687516,24.661453516222526
Yiyang,China,28.5833,112.3333,36.22674133300785,34.33663421496748
Guigang,China,23.0961,109.6092,35.15392425537112,35.162807565182455
Changchun,China,43.9,125.2,33.99655395507813,30.03570796083661
Jiangguanchi,China,34.0244,113.8201,37.54262756347657,34.31245420128107
Meizhou,China,24.2998,116.1191,36.594782714843745,40.63831181265416
Casablanca,Morocco,33.5333,-7.5833,34.70823272705061,34.11459850519894
Zhangjiakou,China,40.8108,114.8811,33.672839050292964,33.081769240088754
Chifeng,China,42.2663,118.9223,35.98674163818362,38.731457339599665
Urumqi,China,43.8225,87.6125,35.30683868408204,18.983315925579518
Izmir,Turkey,38.42,27.14,36.96490509033208,38.12279412522912
Linfen,China,36.0812,111.5087,39.01341308593754,26.816689940169393
Shantou,China,23.3735,116.6941,36.7075213623047,53.87060490623126
Kabul,Afghanistan,34.5253,69.1783,31.82094482421877,35.0059440024197
Mogadishu,Somalia,2.0392,45.3419,35.95001678466798,25.45442469790574
Luzhou,China,28.8918,105.4409,35.937560729980476,26.358553972095297
Hefei,China,31.8639,117.2808,36.063058776855485,41.239933976903565
Boston,United States,42.3188,-71.0852,33.7223791503885,57.57266926579176
Liuzhou,China,24.3264,109.4281,35.80836090087894,34.473598066717386
Zhaoqing,China,23.05,112.4667,35.49647827148442,40.9209468718618
Xiaoxita,China,30.7083,111.2803,35.4652346801758,31.740849763155015
Shijiazhuang,China,38.0422,114.5086,38.82725921630862,32.464711708947995
Ningbo,China,29.875,121.5492,33.95486328125003,53.09444053843613
Fuzhou,China,27.9814,116.3577,37.14640930175784,46.37427300587296
Phoenix,United States,33.5722,-112.0892,44.13732330322209,49.99493416585029
Zhuzhou,China,27.8407,113.1469,36.84664306640627,35.38852063380183
Amman,Jordan,31.9497,35.9328,36.10399291992189,33.404938504099846
Chuzhou,China,32.3062,118.3115,35.59777191162112,41.614108999259756
Jeddah,Saudi Arabia,21.5433,39.1728,42.633179321289106,36.77629491593681
Qingyuan,China,23.6842,113.0507,36.69272338867188,40.77102986164394
Loudi,China,27.7378,111.9974,35.53612091064457,32.5704412451014
Binzhou,China,37.3806,118.0125,37.35438018798828,46.557425402104855
Deyang,China,31.1289,104.395,35.71953582763672,24.370385114103534
Taiyuan,China,37.8733,112.5425,35.61701507568364,29.010482858866425
Kano,Nigeria,12.0,8.5167,42.063041381835944,53.849342549219706
Wuhu,China,31.334,118.3622,35.947792968750036,41.59965346008539
Nanning,China,22.8192,108.315,35.968184509277364,31.53283049818126
Harbin,China,45.75,126.6333,34.1988772583008,24.73038829118013
Abuja,Nigeria,9.0667,7.4833,39.980827026367194,34.79620881937444
Yokohama,Japan,35.4442,139.6381,32.938046875,54.62226442806446
Baojishi,China,34.3609,107.1751,35.62518951416018,29.61554870288818
Zaozhuang,China,34.8667,117.55,35.763890075683605,44.553496722132
Xiamen,China,24.4797,118.0819,34.57048126220707,55.7626370899378
Neijiang,China,29.5872,105.0635,36.13155853271485,26.835797284729775
Baicheng,China,23.901,106.6194,38.423013305664085,30.411138282157474
Anshan,China,41.1066,122.9895,33.945268554687516,42.701246961951256
Yulinshi,China,38.2655,109.7388,34.09213958740236,31.612883901223544
Medan,Indonesia,3.5894,98.6739,38.88493774414064,29.205609440803528
Wenzhou,China,27.9991,120.6561,35.18905090332032,42.42140302620823
Changzhou,China,31.8122,119.9692,35.08214447021487,37.364085154607864
Puyang,China,35.7639,115.03,37.9312762451172,36.66868561226863
Jiaozuo,China,35.229,113.2304,39.1327459716797,34.54207627102733
Nanchang,China,28.6842,115.8872,37.08736480712895,41.99111082684249
Ibadan,Nigeria,7.3964,3.9167,39.783625488281245,31.895866599865276
Hechi,China,24.6928,108.085,35.597023010253906,26.79369662795216
Detroit,United States,42.3834,-83.1024,34.110492553705676,28.853403948247443
Montreal,Canada,45.5089,-73.5617,31.961000671386316,31.74379382282483
Busan,South Korea,35.18,129.075,32.32849273681643,92.73434230685233
Hohhot,China,40.8151,111.6629,33.18359313964845,41.28673700708895
Seattle,United States,47.6211,-122.3244,32.52682586669673,30.275016333907782
Hanzhong,China,33.0794,107.026,36.695122375488324,36.942930453456945
Algiers,Algeria,36.7539,3.0589,35.711173095703145,31.965012196451426
Tangshan,China,39.6292,118.1742,37.06986785888677,37.832575019448996
Shiyan,China,32.6351,110.7755,36.739964904785154,35.308890458196494
Siping,China,43.1715,124.3644,34.48205474853518,32.86045144032688
Lucknow,India,26.85,80.95,43.557499389648456,70.46203377284124
Mashhad,Iran,36.3,59.6,39.438198242187525,33.42650095000863
Boankra,Ghana,6.6944,-1.4028,40.136235656732644,22.67422040551902
Changzhi,China,36.1953,113.097,34.09495208740236,28.094580816105008
Dubai,United Arab Emirates,25.2631,55.2972,43.298458557128924,40.67581827286632
Qinzhou,China,21.95,108.6167,35.73738067626954,38.850814492441735
Guiyang,China,26.5794,106.7078,29.882073974609398,25.685048949904758
Bengbu,China,32.9354,117.3531,36.27015899658204,40.72822608053682
San Francisco,United States,37.7558,-122.4449,30.210911254879946,53.516691517084865
Bazhou,China,31.8576,106.7559,35.876891784667976,35.15821776911618
Qincheng,China,34.5809,105.7311,32.24143707275391,22.92703365907074
Suining,China,30.5098,105.5737,36.00206146240237,26.467406379058954
Wuxi,China,31.5667,120.2833,34.80987640380863,39.05583120882511
Leshan,China,29.5854,103.7575,34.36498504638672,25.647428755648445
Putian,China,25.4394,119.0103,35.56241577148438,55.30778434686356
Zhenjiang,China,32.2109,119.4551,34.88062591552739,36.89668047800653
Guang'an,China,30.4673,106.6336,36.56272308349611,28.31641485728324
Faisalabad,Pakistan,31.4167,73.0911,44.97169555664067,93.60705292224843
Tongren,China,27.7233,109.1885,34.71892120361332,29.152349369600444
Santa Cruz,Bolivia,-17.7892,-63.1975,39.39832275390547,49.85925319790838
Qinhuangdao,China,39.9398,119.5881,34.48848999023437,46.05851501226426
Tongliao,China,43.6172,122.264,35.500267333984425,31.695842891000208
Jinzhou,China,41.1144,121.1292,34.52165161132814,45.84990007057787
Heyuan,China,23.7503,114.6923,36.49228942871093,47.87777707166966
San Diego,United States,32.8313,-117.1222,31.561894226073214,66.48709058761597
Jaipur,India,26.9,75.8,42.829167480468755,70.15019866079066
Xinzhou,China,38.4178,112.7233,35.94598999023441,30.005393676459672
Lanzhou,China,36.0617,103.8318,32.01969696044927,19.40799589175732
Wuzhou,China,23.4833,111.3167,36.18915771484376,34.56861844751971
Chaoyang,China,41.5757,120.4486,34.710680847167964,37.03511042520406
Athens,Greece,37.9842,23.7281,37.547027587890625,40.73924543336035
Addis Ababa,Ethiopia,9.03,38.74,29.86330383300782,40.299055203795476
Brasilia,Brazil,-15.7939,-47.8828,36.21129119872494,24.03066315874458
Taichung,Taiwan,24.1439,120.6794,29.751733398437523,68.52812236547463
Kuwait City,Kuwait,29.3697,47.9783,48.73978912353516,42.30204438976943
Budapest,Hungary,47.4925,19.0514,35.80837158203127,17.14542279392481
Shaoguan,China,24.8011,113.5927,36.72817382812502,39.70833506248893
Shanwei,China,22.7664,115.3331,34.99810974121095,55.07010011002417
Rizhao,China,35.4164,119.4331,32.475552368164074,57.28634668886674
Kyiv,Ukraine,50.45,30.5233,33.302947387695326,21.489567507058407
Quezon City,Philippines,14.63,121.03,31.920071411132824,72.184157051146
Sanaa,Yemen,15.3483,44.2064,28.77863006591798,62.312648333609054
Meishan,China,30.0575,103.8381,34.11271453857427,24.57026380766183
Incheon,South Korea,37.4833,126.6333,32.61997161865236,74.85405526310205
Guatemala City,Guatemala,14.6099,-90.5252,30.067290649409564,36.18616421520714
Birmingham,United Kingdom,52.48,-1.9025,27.65665924072266,21.956416312605125
Ningde,China,26.6617,119.5228,35.422907714843745,41.54968953877702
Zhongshan,China,22.5333,113.35,35.41557739257814,43.57355102151629
Weihai,China,37.5,122.1,27.294330749511744,42.742247946560354
Daqing,China,46.5979,125.008,34.88373138427738,29.551771111786426
Bursa,Turkey,40.1833,29.05,32.56583831787111,32.793757248669905
Salvador,Brazil,-12.9747,-38.4767,35.78307922363128,32.913744729012315
Haikou,China,20.02,110.32,33.43422851562502,54.526516506448445
Rome,Italy,41.8931,12.4828,35.66929046630861,25.762144111096827
La Paz,Bolivia,-16.5,-68.15,18.953384704589894,22.904898494482033
Xiangtan,China,27.8431,112.9228,36.419373779296905,35.13191804755481
Pyongyang,North Korea,39.0194,125.7381,33.71232604980469,54.2488427460193
Minneapolis,United States,44.9635,-93.2678,34.90010772705062,35.605226308107376
Omdurman,Sudan,15.65,32.4833,46.617122497558626,44.558728387579265
Mudanjiang,China,44.5861,129.5997,33.6797201538086,27.73500345647337
Malang,Indonesia,-7.98,112.62,27.89317504882814,43.97905480675399
Stuttgart,Germany,48.7775,9.18,32.66567535400395,17.250201771967124
Brooklyn,United States,40.6501,-73.9496,34.05532257080043,49.64368541724982
Kaohsiung,Taiwan,22.615,120.2975,30.46898071289064,70.53388240747174
Guayaquil,Ecuador,-2.19,-79.8875,39.27427154540372,47.14365044608708
Longyan,China,25.0881,117.0244,33.32325439453126,41.64603612944483
Lisbon,Portugal,38.7253,-9.15,32.009408874511735,44.35394253395498
Tieling,China,42.2841,123.8365,34.75009582519533,35.306556584313576
Baotou,China,40.6562,109.8345,35.09732543945313,32.118283292278626
Handan,China,36.6116,114.4894,38.00351898193361,37.024131179787204
Manchester,United Kingdom,53.4794,-2.2453,25.48484802245721,27.060297198593616
Cawnpore,India,26.4499,80.3319,44.299012451171905,65.87089859694238
Dingxi,China,35.5806,104.6263,28.830923156738322,20.716041728854172
Nanping,China,26.6448,118.1728,35.618259582519556,43.01538738235832
Tampa,United States,27.9945,-82.4447,41.81201171874347,39.68928565364329
Zigong,China,29.3498,104.7645,35.765412902832054,25.693681547418258
Maracaibo,Venezuela,10.6333,-71.6333,38.70276367186964,32.459982756525235
Chaozhou,China,23.67,116.63,36.62806762695317,48.55041579902188
Denver,United States,39.762,-104.8758,36.16636352539016,30.70327482372523
Mbuji-Mayi,Congo (Kinshasa),-6.15,23.6,38.38782348632816,30.778888022527102
Weifang,China,36.7167,119.1,35.54503387451172,50.263357674703
Huai'an,China,33.5058,119.1392,34.70249084472658,40.242521538399096
Zibo,China,36.7831,118.0497,37.157736511230496,49.657757459208234
Ankang,China,32.6877,109.0235,35.52902465820313,41.90031884796915
Baoshan,China,25.1211,99.169,28.651789855957077,26.700388770550585
Huludao,China,40.7094,120.8378,33.90321136474614,46.36298202909527
Antananarivo,Madagascar,-18.9333,47.5167,29.629293212890673,34.25637786090374
Munich,Germany,48.1375,11.575,30.250375061035186,20.08548374287784
Gulou,China,26.0865,119.298,34.98654968261724,45.756419084966076
Yanjiang,China,30.1256,104.6397,34.82481048583986,23.959683157503616
Santo Domingo,Dominican Republic,18.4764,-69.8933,31.587868041992238,36.37688044086099
Sanming,China,26.2658,117.6302,35.50767608642582,39.98497442901134
Tashkent,Uzbekistan,41.3111,69.2797,39.434178161621105,24.991164034232504
Longba,China,33.535,105.349,33.7566787719727,25.15878528356552
Yangjiang,China,21.8556,111.9627,35.55773376464845,55.95583509653819
Jiamusi,China,46.8081,130.3653,34.36050903320313,27.020532930269805
Luohe,China,33.583,114.0109,37.49524261474613,37.02825540304183
Lincang,China,23.8864,100.0871,29.441950988769577,22.046107387170213
Xuanzhou,China,30.9475,118.7518,35.58947998046875,37.41830991581079
Medellin,Colombia,6.2308,-75.5906,26.50805755615238,40.71578767988829
Yunfu,China,22.9242,112.0353,34.91327270507816,42.097440591081956
Shaoxing,China,30.0,120.5833,37.09293853759766,38.933065026998506
Yantai,China,37.3997,121.2664,31.115612182617213,72.98405172675845
Huizhou,China,23.1115,114.4152,35.57256805419922,50.70618971250964
Lishui,China,28.45,119.9167,37.580288696289074,38.62359469290841
Mirzapur,India,25.146,82.569,45.26664093017581,58.21720011904833
Hamburg,Germany,53.55,10.0,30.22858734130864,20.841816381085668
Guangyuan,China,32.4353,105.8398,35.022848815917996,27.89745308831338
Huangshi,China,30.2018,115.0326,36.73763427734377,39.264983564615335
Cali,Colombia,3.4206,-76.5222,29.976412658686893,30.39656848087904
Xining,China,36.6239,101.7787,28.874975585937534,16.098971833940595
Lusaka,Zambia,-15.4167,28.2833,37.27883270263675,33.51733291056007
Daegu,South Korea,35.8717,128.6017,33.00904754638674,73.67611556500194
Ouagadougou,Burkina Faso,12.3686,-1.5275,42.84705078124881,51.7566463463008
Fortaleza,Brazil,-3.7275,-38.5275,36.04718231201173,23.509809164330367
Dandong,China,40.1167,124.3833,31.878634643554733,51.202776437625275
Yaounde,Cameroon,3.8667,11.5167,34.53923736572267,22.160262119024996
Zhuhai,China,22.2769,113.5678,35.36531494140627,51.65057681500912
Yingkou,China,40.6653,122.2297,33.60573364257817,49.8087199777363
Antalya,Turkey,36.8874,30.7075,39.329787597656264,54.96314987540245
Lianshan,China,40.7523,120.828,33.89672882080083,46.44461707212033
Nagpur,India,21.1497,79.0806,45.438507995605505,71.40343245863906
Queens,United States,40.7498,-73.7976,34.05532257080043,49.64368541724982
Jilin,China,43.8519,126.5481,34.08846923828128,27.39193485863508
Accra,Ghana,5.55,-0.2,37.217678833007824,21.108876942191305
Yuxi,China,24.3495,102.5432,31.47177612304688,22.508527832105898
Bekasi,Indonesia,-6.2349,106.9923,37.676044616699244,26.906270524486864
Ghaziabad,India,28.67,77.42,42.84656921386721,79.24934705346823
Luoyang,China,34.6587,112.4245,38.76454833984377,31.53045136202127
Brisbane,Australia,-27.4678,153.0281,34.3667269897461,54.52732343226672
Anshun,China,26.2456,105.934,30.59158813476563,25.542538910172862
Shangzhou,China,33.868,109.9244,33.71962432861329,37.24842952564364
Huainan,China,32.4831,117.0164,36.02426574707033,39.74889858718956
Depok,Indonesia,-6.394,106.8225,38.38469207763677,28.043709109537303
Kuaidamao,China,41.7302,125.9471,32.686527709960956,35.63594797812397
Colombo,Sri Lanka,6.9344,79.8428,36.53530273437502,35.0006355671212
Baku,Azerbaijan,40.3667,49.8352,38.89628784179689,18.06206048699097
Fukuoka,Japan,33.5833,130.4,34.537799377441445,90.6164980307221
Yan'an,China,36.5952,109.4863,35.02422027587892,27.390798951499207
Jincheng,China,35.4906,112.8483,36.028598937988306,32.85773306339978
Vancouver,Canada,49.25,-123.1,29.048477172844958,50.02457497268905
Nantong,China,31.9829,120.8873,34.273720703125036,40.076568631455274
Caracas,Venezuela,10.4806,-66.9036,32.44651733398105,23.887263061478755
Tangerang,Indonesia,-6.1783,106.6319,37.63331726074222,26.39515410549938
Sanmenxia,China,34.7736,111.195,37.449821166992194,32.96381738036871
Laibin,China,23.7333,109.2333,35.23942657470707,32.65745548345147
Konya,Turkey,37.8667,32.4833,34.637782592773476,21.167175471782684
Manaus,Brazil,-3.1,-60.0167,37.38164825439076,23.640855099074543
Esfahan,Iran,32.6447,51.6675,39.277561340332056,24.678956212475892
Qinbaling,China,35.7278,107.64,33.71447601318363,30.315745845437053
Baltimore,United States,39.3051,-76.6144,37.870061035150606,43.970253406092475
Ma'anshan,China,31.6858,118.5101,35.769749450683605,41.542231623083346
Shengli,China,37.45,118.4667,37.16900787353518,46.441346369683714
Gaoping,China,30.7824,106.1281,36.21810791015628,28.660721126943827
Las Vegas,United States,36.2333,-115.2654,41.55086761474336,40.37028495222325
Harare,Zimbabwe,-17.8292,31.0522,35.73495971679688,38.491571344435265
Perth,Australia,-31.9559,115.8606,39.79793457031252,31.95301266387108
Havana,Cuba,23.1367,-82.3589,32.47813476562056,51.32084887102242
Phnom Penh,Cambodia,11.5694,104.9211,41.08561523437504,33.67790000885724
Puning,China,23.2993,116.1586,36.08107971191407,46.96033475361762
Huaibei,China,33.9562,116.789,36.436942138671895,39.17741498909885
Qingyang,China,24.8141,118.5792,35.89870361328127,46.02682638913383
Kowloon,Hong Kong,22.3167,114.1833,34.69853271484379,57.58861632272601
Haiphong,Vietnam,20.8651,106.6838,36.654677124023465,44.46418791264287
Chongzuo,China,22.4167,107.3667,37.14129943847661,30.160047736018925
Rawalpindi,Pakistan,33.6,73.0333,41.89655090332036,61.885885410010864
Yushan,China,31.3867,120.9766,34.993386230468786,42.87415690720088
St. Louis,United States,38.6359,-90.2451,38.32315399169926,42.77399390190836
Hezhou,China,24.4164,111.5478,34.938648071289094,36.24012831598494
Kumasi,Ghana,6.6667,-1.6167,40.36855895995988,23.058073257096154
Pingliang,China,35.5412,106.6819,31.414348754882838,31.2983872666955
Vadodara,India,22.3,73.2,43.57209045410161,73.89198906719679
Portland,United States,45.5371,-122.65,34.56654815673592,44.74169576168061
Vishakhapatnam,India,17.7042,83.2978,38.01502319335941,39.81257722992456
Gaziantep,Turkey,37.0628,37.3792,39.84327789306644,37.141465209424496
Gujranwala,Pakistan,32.1567,74.19,43.75740020751954,61.85950001701708
Fushun,China,41.8708,123.8917,34.56255004882814,39.500464987009764
Riverside,United States,33.9381,-117.3949,35.65530944823502,78.45661085844037
Quito,Ecuador,-0.22,-78.5125,26.062539062500036,35.55730914697049
Minsk,Belarus,53.9,27.5667,30.621551818847706,18.152407072484518
Bamako,Mali,12.6458,-7.9922,42.02329345702496,39.79374553263172
Tijuana,Mexico,32.525,-117.0333,31.911750183105482,61.12745389714834
Bamenda,Cameroon,5.9614,10.1517,32.55227539062503,28.25560629554096
Boosaaso,Somalia,11.2886,49.1819,43.98766998291018,9.656865268014364
Indore,India,22.7167,75.8472,42.84204711914066,72.84903294593086
Sanliurfa,Turkey,37.1583,38.7917,43.46208770751957,36.21937417890876
Karaj,Iran,35.8272,50.9489,39.5162945556641,27.600979641079924
Vienna,Austria,48.2083,16.3725,33.13838714599609,22.514453544281476
Kananga,Congo (Kinshasa),-5.897,22.4488,38.11040954589845,31.866862859576937
Peshawar,Pakistan,34.0144,71.5675,46.509386291503915,36.681060117669404
Sapporo,Japan,43.0667,141.35,29.226156311035197,40.1643622862174
Pingxiang,China,27.6333,113.85,36.43947906494145,37.61290934309344
Ecatepec,Mexico,19.6097,-99.06,35.23172576904301,26.011010921560263
Orlando,United States,28.4773,-81.337,41.27094177246096,38.819212697446325
Sacramento,United States,38.5677,-121.4685,40.53575134277344,43.26219201833009
Almaty,Kazakhstan,43.2775,76.8958,38.48796020507814,18.24941351171583
Aleppo,Syria,36.2,37.16,41.26088562011722,23.12912167981267
San Juan,Puerto Rico,18.3985,-66.061,30.492483825681862,46.933705698698546
San Antonio,United States,29.4632,-98.5238,41.33004730224011,52.061264639720335
Yinchuan,China,38.4795,106.2254,35.738239440917994,29.38431225344537
Santos,Brazil,-23.9369,-46.325,34.27052490233934,41.32151065673687
Blantyre,Malawi,-15.7861,35.0058,35.952106018066445,39.91338197886944
Thane,India,19.1972,72.9722,38.621783752441445,164.09270681440833
Bucharest,Romania,44.4325,26.1039,37.93019195556644,26.452755206264555
Curitiba,Brazil,-25.4297,-49.2711,31.358348693847688,34.02826395537705
Tainan,Taiwan,22.9833,120.1833,30.602578125000036,73.22804939746875
Xiping,China,40.082,113.2981,33.8223834228516,30.51082827150819
Multan,Pakistan,30.1978,71.4697,45.980372924804726,55.098076773807584
Port Harcourt,Nigeria,4.8242,7.0336,38.00500579833988,37.89682949893174
Jixi,China,45.2937,130.965,33.584795532226565,24.927444705739617
Saidu Sharif,Pakistan,34.75,72.3572,41.27454681396489,40.3492695260793
Warsaw,Poland,52.23,21.0111,31.84277740478518,15.022314213216301
Liaoyang,China,41.2643,123.1772,34.21708709716802,41.0146483853459
Beihai,China,21.4667,109.1,36.4111285400391,43.68164905719451
Meru,Kenya,0.05,37.65,31.742809143066438,62.9202515557409
Brazzaville,Congo (Brazzaville),-4.2694,15.2714,35.73893859863284,34.625728628598125
Fuxin,China,42.0127,121.6486,34.796160278320315,37.10029061883707
Wuwei,China,37.9278,102.6329,31.99277221679688,19.307568617630757
Mersin,Turkey,36.8,34.6333,37.73904541015628,39.43546302616596
Bhopal,India,23.25,77.4167,43.63594787597657,71.57615547068416
Lubumbashi,Congo (Kinshasa),-11.6647,27.4794,37.77671112060551,26.88082653656601
Denpasar,Indonesia,-8.65,115.2167,31.19907562255861,52.76679948717355
Davao,Philippines,7.0667,125.6,39.95277313232424,25.88537345174701
Shuyangzha,China,34.1299,118.7734,34.37732482910161,42.83986525051295
Adana,Turkey,37.0,35.3213,40.13605438232423,51.13584715873003
Damascus,Syria,33.5131,36.2919,38.2372103881836,33.52322895079851
Brussels,Belgium,50.8467,4.3525,30.281741943359407,21.172932770568917
Hyderabad City,Pakistan,25.3792,68.3683,43.285775451660186,119.15125393867493
Diyarbakir,Turkey,37.91,40.24,42.30399444580081,30.83197368308898
San Jose,United States,37.3012,-121.848,32.43893981933432,56.23587914183736
San Jose,Costa Rica,9.9325,-84.08,34.69053283691232,35.174670908600085
Chinchvad,India,18.6186,73.8037,40.207751464843795,53.6603261232376
Pittsburgh,United States,40.4397,-79.9763,35.40468322753373,31.496785406023257
Montevideo,Uruguay,-34.8836,-56.1819,32.28022827147957,69.61276645213363
Shuozhou,China,39.3408,112.4292,33.78609375000002,35.27251588180664
Cincinnati,United States,39.1413,-84.506,36.28541229248044,34.78553029149769
Benxi,China,41.292,123.761,33.65997222900393,43.08140925317984
Baiyin,China,36.5448,104.1766,30.660446777343793,20.492832669988285
Manhattan,United States,40.7834,-73.9662,34.22765441894535,53.846953958272906
Mosul,Iraq,36.34,43.13,46.120101013183614,24.35657702665778
Patna,India,25.6,85.1,43.184993591308626,61.931832656264326
Cleveland,United States,41.4764,-81.6805,34.73733703612759,29.365730755962513
Tegucigalpa,Honduras,14.1,-87.2167,33.216787414547326,25.62494622822851
Kampala,Uganda,0.3136,32.5811,37.39466522216799,23.80460755527017
Sanzhou,China,30.82,108.4,35.9368557739258,36.74905119929463
Changshu,China,31.65,120.7333,34.71888275146489,39.46001811325547
Mecca,Saudi Arabia,21.4225,39.8233,41.94971893310549,52.35716038942337
Heihe,China,50.2458,127.4886,34.053310546875025,26.61843163613232
Jingdezhen,China,29.2942,117.2036,35.948766174316404,50.81006347015505
Conakry,Guinea,9.5092,-13.7122,34.22701568603038,58.29680580273271
Caloocan City,Philippines,14.65,120.97,32.41062194824224,66.41512256115686
Indianapolis,United States,39.7771,-86.1458,35.78599243164045,33.3913446078077
Austin,United States,30.3005,-97.7522,41.010054016106515,48.548208257183425
Recife,Brazil,-8.05,-34.9,35.3410775756786,30.34238782525061
Sangereng,Indonesia,-6.2889,106.7181,38.13785461425783,28.636887419968826
Kansas City,United States,39.1238,-94.5541,37.94742553710373,50.39742227643736
Zhongli,Taiwan,24.965,121.2168,29.849807739257812,64.0084875561296
Novosibirsk,Russia,55.0333,82.9167,31.65262939453129,17.924233898520445
Bilaspur,India,22.09,82.15,44.81545013427734,50.57497774064543
Semarang,Indonesia,-6.9667,110.4167,32.21823425292973,46.637756438925784
Ludhiana,India,30.91,75.85,43.41505645751954,81.05560339987281
Stockholm,Sweden,59.3294,18.0686,26.480454711914092,16.086288149468622
Chengtangcun,China,35.0833,117.15,36.822509460449226,42.62685197219252
Balandougou,Mali,13.3558,-9.5517,42.57593841552093,34.65091343969107
Agwar,India,27.18,78.02,44.399385070800804,71.8179828152061
Agra,India,27.18,78.02,44.399385070800804,71.8179828152061
Leon de los Aldama,Mexico,21.1167,-101.6833,36.565075988769536,30.345094660297075
Puebla,Mexico,19.0333,-98.1833,33.387547912597334,25.657759141176953
Narayanganj,Bangladesh,23.62,90.5,37.572547912597656,84.49236910790198
Yopougon,Côte d'Ivoire,5.3167,-4.0667,36.72872406005805,33.94143941625948
Hebi,China,35.7497,114.2887,38.520686035156245,36.51418142113834
Shiraz,Iran,29.61,52.5425,40.51425994873051,62.787806237116456
Cordoba,Argentina,-31.4167,-64.1833,37.607509155273476,76.53772687912
Madurai,India,9.9252,78.1198,37.41287567138676,60.35157694481313
Huzhou,China,30.8925,120.0875,35.91653503417973,37.738849064335156
Tabriz,Iran,38.0814,46.3006,37.521928710937516,22.73848889116198
Jamshedpur,India,22.7925,86.1842,43.73362243652349,56.01907031983134
Columbus,United States,39.9862,-82.9855,35.755406188964855,28.494809886440745
Sofia,Bulgaria,42.7,23.33,32.442964172363304,29.89815275743596
Kawasaki,Japan,35.5167,139.7,33.394143066406286,48.17222070693964
Zhangjiajie,China,29.1255,110.4844,34.15434875488285,34.595922186970654
Palembang,Indonesia,-2.9861,104.7556,37.25173400878907,26.11176683753729
Aba,Nigeria,5.1167,7.3667,38.09337310791017,34.90863030776381
Kobe,Japan,34.69,135.1956,36.555437622070315,49.16617608815429
Jiaxing,China,30.7522,120.75,35.588811035156255,39.77202451787889
Charlotte,United States,35.2083,-80.8303,38.10464904784929,44.239813148975216
Guiping,China,23.4,110.0833,35.814007568359386,36.88352052122352
Lianjiang,China,21.6146,110.2794,35.310762023925804,42.388968380167974
Ximeicun,China,24.9633,118.3811,35.82132843017581,43.90325060114272
Jianguang,China,28.1958,115.7833,37.289570007324244,41.67073555290701
Yucheng,China,29.9888,103.0007,31.911119079589866,23.34040976129472
Xushan,China,30.1697,121.2665,34.94645263671879,45.452916808426316
Virginia Beach,United States,36.7335,-76.0435,36.06704376220705,42.897007919847965
Panama City,Panama,8.9833,-79.5167,36.394684143066456,34.116028491407754
Belem,Brazil,-1.4558,-48.5039,37.92137176513677,28.46993529796602
Leizhou,China,20.9147,110.0806,35.737837219238315,44.44820590317247
Gwangju,South Korea,35.1653,126.8486,33.53117431640629,86.32244970649481
Nasik,India,20.0,73.78,40.226658020019556,63.82004852592949
Porto Alegre,Brazil,-30.0331,-51.23,34.564676208490866,40.86361852660774
Valencia,Venezuela,10.1667,-68.0,36.6747625732422,31.569782872684232
Onitsha,Nigeria,6.1667,6.7833,38.84825073242189,35.856222432106776
Abu Dhabi,United Arab Emirates,24.4667,54.3667,42.8719717407227,36.33852581586689
Zapopan,Mexico,20.7167,-103.4,37.065840759277364,29.015366557985494
Daejeon,South Korea,36.351,127.385,33.66166961669927,71.99676921218632
Bronx,United States,40.8501,-73.8662,34.22765441894535,53.846953958272906
Yekaterinburg,Russia,56.8356,60.6128,30.85925689697268,16.68955456651739
Huazhou,China,32.6832,112.079,36.83304077148438,31.399057058617416
Kyoto,Japan,35.0117,135.7683,36.05030456542971,53.37891163676977
Jinhua,China,29.1046,119.6494,37.28977447509766,40.083672445267446
Shuangyashan,China,46.6388,131.1545,33.61457946777347,25.2940019108355
Amsterdam,Netherlands,52.3728,4.8936,27.59714752197266,23.684354284778244
Pizhou,China,34.3422,118.0097,35.56555877685548,43.05036727711556
El Kelaa des Srarhna,Morocco,32.0481,-7.4083,40.772069091796055,47.330486588180065
Kharkiv,Ukraine,49.9925,36.2311,33.88105377197269,20.793037803377956
Dakar,Senegal,14.6928,-17.4467,33.38768981933595,47.628640523180216
Yangshe,China,31.8775,120.5512,34.4207998657227,38.15614412538709
Guyuan,China,36.008,106.2782,30.247630615234414,26.09329691156744
Rui'an,China,27.778,120.6526,35.18905090332032,42.42140302620823
Muscat,Oman,23.6139,58.5922,39.549098510742226,46.69140566512937
Wenling,China,28.3797,121.3718,33.21367767333987,48.97833793982861
Gaozhou,China,21.9135,110.8481,35.78940612792974,45.52315581589936
Faridabad,India,28.4167,77.3,42.994530639648474,76.11229225248096
Chizhou,China,30.6583,117.4849,35.8979214477539,42.466302953660474
Khulna,Bangladesh,22.8167,89.55,37.787629089355505,63.63311421498655
Ulaanbaatar,Mongolia,47.9203,106.9172,30.772560424804738,27.940992305986587
Goiania,Brazil,-16.6667,-49.25,39.37543029785161,26.679350562393665
Fuqing,China,25.7232,119.3735,35.344587707519565,56.41217334754767
Kayseri,Turkey,38.7225,35.4875,34.6280197143555,21.510454639792442
Tel Aviv-Yafo,Israel,32.08,34.78,36.42644531250005,47.797623462975025
Wuzhong,China,37.9874,106.1919,34.73160797119141,26.61144930124283
Pingdu,China,36.7833,119.9556,33.877891845703175,54.101627491414554
Belgrade,Serbia,44.82,20.46,37.84838195800785,23.276560328900807
Aurangabad,India,19.88,75.32,43.02617126464844,68.38155521638683
Yangquan,China,37.8576,113.5762,35.14076904296877,30.673880595713896
Yutan,China,28.3147,112.554,36.286333007812516,34.38406123593449
Copenhagen,Denmark,55.6761,12.5683,28.870250244140664,19.30957012809813
Milan,Italy,45.4669,9.19,35.26357421875002,41.970643904060125
Huangshan,China,29.7132,118.3151,33.94975158691409,45.34074280410997
Auckland,New Zealand,-36.8406,174.74,25.923744506835988,40.40605409536516
Milwaukee,United States,43.0642,-87.9675,33.67730621337893,36.281748865731
Makassar,Indonesia,-5.1619,119.4362,31.672071533203166,39.31878763809799
Liangshi,China,27.2578,111.7351,34.71676361083985,30.94494830165058
Samsun,Turkey,41.2903,36.3336,35.92710296630861,23.539625890553108
Rajkot,India,22.3,70.7833,41.95819122314458,108.0618644803762
Prague,Czechia,50.0875,14.4214,32.27296051025394,16.503833272028707
Barranquilla,Colombia,10.9833,-74.8019,38.75229675292408,46.502688825130456
Al Basrah,Iraq,30.515,47.81,47.52572937011723,25.789010189473608
Saitama,Japan,35.8614,139.6456,33.85986877441411,45.89757779426885
Guarulhos,Brazil,-23.4628,-46.5328,33.19558563232256,28.818095449358154
Juarez,Mexico,31.7386,-106.487,42.38363250732384,25.58745877817276
Mandalay,Myanmar,21.9831,96.0844,43.86895904541018,41.800062225200236
Xintai,China,35.91,117.78,35.773071899414106,46.45433619059604
Wusong,China,30.9333,117.7667,35.54877563476566,41.27919774502521
Meerut,India,28.98,77.71,42.576274108886764,84.17952811717988
Yushu,China,44.8249,126.5451,34.494922485351594,25.637083207257096
Rongcheng,China,26.2312,104.0966,28.319135437011766,23.574268556199943
Baishan,China,41.9377,126.4179,32.711826477050806,34.35988373681903
Dayan,China,26.8808,100.2208,21.870502929687518,24.270691126585017
Adelaide,Australia,-34.9275,138.6,40.03685455322267,35.991691622882996
Haicheng,China,40.8523,122.7474,33.575133972167976,46.26718316227199
Tripoli,Libya,32.8872,13.1914,37.06065093994141,34.99845701828589
Tripoli,Lebanon,34.4367,35.8344,36.0663088989258,37.38391762599349
Jiangyin,China,31.9087,120.2653,34.65576446533203,36.664624253287926
Yicheng,China,31.3697,119.8239,35.31253997802736,39.31023885123427
Cacuaco,Angola,-8.8053,13.2444,32.363669128417996,51.66418275609616
Porto,Portugal,41.1621,-8.622,31.08749298095276,43.34514429420233
Rosario,Argentina,-32.9575,-60.6394,37.930296020507754,58.134300448000374
Canagatan,Philippines,18.0,121.8,31.24546539306641,49.54676268808544
Soweto,South Africa,-26.2678,27.8585,35.403973388671886,36.89578961580992
Providence,United States,41.823,-71.4187,33.4422830200192,57.817321630194805
Helsinki,Finland,60.1708,24.9375,28.75684204101566,21.753896489739414
Jabalpur,India,23.1667,79.9333,44.17374603271486,58.56937865540383
Rucheng,China,32.3852,120.5634,33.767299194335976,39.77970806602387
Nizhniy Novgorod,Russia,56.3269,44.0075,31.265532836914076,17.168323142454028
Huaiyin,China,33.5819,119.028,34.70249084472658,40.242521538399096
Ahvaz,Iran,31.3203,48.6692,48.11860260009769,36.2281715562567
Jepara,Indonesia,-6.5333,110.6667,32.14693603515627,52.76569870859382
Comayaguela,Honduras,14.0981,-87.2097,33.216787414547326,25.62494622822851
Laiwu,China,36.1833,117.6667,35.784438476562514,44.71507550776005
Sharjah,United Arab Emirates,25.3575,55.3908,43.298458557128924,40.67581827286632
Jingling,China,30.6667,113.1667,35.67857482910159,35.62943363003433
Kalamboli,India,19.2333,73.1333,39.450339660644545,120.51920346915747
Kazan,Russia,55.7964,49.1089,32.52338958740239,18.874059313908266
Yongcheng,China,33.9317,116.4459,36.91979431152345,39.446194510906935
Sumedang,Indonesia,-6.84,107.9208,34.40339263916019,33.91320244409144
Calgary,Canada,51.05,-114.0667,29.920896911616964,24.974011793732597
Can Tho,Vietnam,10.0333,105.7833,39.3901971435547,33.94231448695064
Suwon,South Korea,37.2667,127.0167,33.02390350341801,78.4261909872293
Yiwu,China,29.3081,120.0698,36.998518371582065,40.120255504734814
Bagam,Indonesia,1.0833,104.0333,35.49557312011723,32.75585253071029
Beidao,China,34.602,105.918,32.481140747070356,23.628291070461227
Vasai,India,19.47,72.8,38.77622039794926,176.53043697774348
Xiangshui,China,26.5964,104.8314,27.45823028564456,22.295706541277468
Jacksonville,United States,30.3322,-81.6749,38.77912292479887,46.08127550035705
Akcaabat,Turkey,41.0167,39.55,41.39363708496097,21.038208684884008
Dadukou,China,26.5849,101.7149,33.14328704833986,27.197527393698692
Campinas,Brazil,-22.9058,-47.0608,35.1832550048791,27.727943245321548
Lingcheng,China,22.7,110.35,35.28328369140627,37.97653254680327
Vila Velha,Brazil,3.2167,-51.2167,35.63139648436958,33.66616641730071
Mombasa,Kenya,-4.05,39.6667,36.14131683349609,35.03737362474203
Najafgarh,India,28.6092,76.9798,42.82629852294923,85.34130083397024
Xinyu,China,27.795,114.9242,37.156944580078175,39.604141250252766
Chelyabinsk,Russia,55.15,61.4,32.71894836425781,15.878049450460821
Qom,Iran,34.64,50.8764,44.11486572265625,20.19027876388283
Hargeysa,Somalia,9.5631,44.0675,35.19418457031253,48.92829687148335
Zhangye,China,38.9355,100.4553,30.529952087402364,22.717142949812118
Gazipura,Bangladesh,23.9889,90.375,37.85665405273437,87.13933825492859
Varanasi,India,25.3189,83.0128,44.96823333740235,57.16780498623848
Hiroshima,Japan,34.3914,132.4519,34.123750305175804,62.3539896402509
Chiang Mai,Thailand,18.7953,98.9986,42.34897491455081,25.540754520334257
Maiduguri,Nigeria,11.8333,13.15,45.835294494628954,60.46630791574712
Maputo,Mozambique,-25.9667,32.5833,37.633880920410206,42.361511126160586
Mbandaka,Congo (Kinshasa),0.0478,18.2558,36.61806335449222,30.95936737954611
Doha,Qatar,25.2867,51.5333,45.03915893554688,38.20242193713784
Medina,Saudi Arabia,24.47,39.61,45.52208923339845,59.697098247706904
Srinagar,India,34.09,74.79,32.205061340332065,43.91836407780645
Omsk,Russia,54.9667,73.3833,33.03589660644536,15.68178340326996
Liaoyuan,China,42.8976,125.1381,34.25217620849611,33.73667903523892
Yingtan,China,28.2333,117.0,36.755640563964846,45.54401594214123
Cilacap,Indonesia,-7.7167,109.017,31.089764099121112,55.8731006830931
Dublin,Ireland,53.35,-6.2603,23.20470581054382,20.605164941400144
Pikine,Senegal,14.75,-17.4,33.337028503417734,47.381268851459026
Samara,Russia,53.2028,50.1408,34.44366241455083,18.90773967839777
Guankou,China,28.1417,113.625,36.21064361572269,35.630604917183454
Bandar Lampung,Indonesia,-5.45,105.2667,36.912614746093766,23.84463291149589
Ulsan,South Korea,35.55,129.3167,31.73680877685547,85.83009580895285
Dingzhou,China,38.5158,114.9845,38.6117178344727,30.158431495539833
Lianyuan,China,27.6961,111.6659,34.96104217529302,31.153882417827845
Dhanbad,India,23.7998,86.4305,42.77194854736331,58.39101400226359
Nay Pyi Taw,Myanmar,19.7475,96.115,42.83202941894535,40.04410134628411
Kaiyuan,China,36.0656,113.8153,37.07990051269536,32.74473035708073
Zhuji,China,29.7169,120.2314,36.80110137939454,40.70615430828184
Kigali,Rwanda,-1.9536,30.0606,31.77597229003908,18.847023351117965
Leiyang,China,26.4179,112.8457,36.374500122070344,32.478283401578594
Benin City,Nigeria,6.3333,5.6222,39.80094177246099,37.65120351780206
Bafoussam,Cameroon,5.4667,10.4167,31.991872253417966,26.27118683885783
Xiantao,China,30.3833,113.4,35.89765319824221,37.693026892840884
Rostov,Russia,47.2333,39.7,36.65613006591798,25.81954663619399
Salt Lake City,United States,40.7776,-111.9311,34.50133392333519,28.061585420742603
Bukavu,Congo (Kinshasa),-2.5,28.8667,30.64188568115236,23.188021380454305
Amritsar,India,31.64,74.86,42.6737295532227,100.72635246813277
Shagamu,Nigeria,6.8333,3.65,40.63409637451173,33.1033974420279
Yingchuan,China,34.1511,113.4733,37.02144073486329,34.46423458401112
Aligarh,India,27.88,78.08,43.562273559570315,83.72225811704995
Callao,Peru,-12.0333,-77.1333,31.23531311035157,13.281944529153417
Tbilisi,Georgia,41.7225,44.7925,36.924670104980464,23.148651799187064
Guwahati,India,26.1722,91.7458,34.63266479492188,83.68343072757128
Ufa,Russia,54.7261,55.9475,33.634804687500036,17.016676208004355
Fes,Morocco,34.0433,-5.0033,38.5801693725586,36.74640901386738
Ciudad Nezahualcoyotl,Mexico,19.4081,-99.0186,34.96348358154302,28.746808117255586
Sao Luis,Brazil,-2.5283,-44.3044,36.8874111938477,26.17320175375789
Bien Hoa,Vietnam,10.95,106.8167,39.95369903564455,35.851737393066294
Mexicali,Mexico,32.6633,-115.4678,45.78848144530984,20.126777335535753
Sevilla,Spain,37.24,-5.99,40.73876190185547,37.11174725554891
Ikare,Nigeria,7.5167,5.75,38.42631347656254,32.37047999817877
Nashville,United States,36.1715,-86.7842,37.34439971923831,45.046289965510375
Xibeijie,China,39.737,98.5049,33.34718475341799,26.9858591342344
Tamale,Ghana,9.4075,-0.8533,40.91940887451133,28.698775763623424
Yuyao,China,30.0372,121.1546,36.26050964355471,43.09470223076627
Hanchuan,China,30.652,113.8274,36.35480743408203,40.93953546043461
Gongzhuling,China,43.5036,124.8088,34.11755462646488,30.705631580203864
N'Djamena,Chad,12.11,15.05,47.48049987792973,67.58041924796996
Krasnoyarsk,Russia,56.0089,92.8719,31.017826538085956,14.997257594950499
Cologne,Germany,50.9364,6.9528,32.32088195800782,19.592217684723416
Zhufeng,China,36.0,119.4167,33.683663635253936,46.992391459643834
Ezhou,China,30.3972,114.8842,36.910780029296916,39.691105775535135
Nur-Sultan,Kazakhstan,51.1472,71.4222,35.56811431884768,14.196351445745679
Sao Goncalo,Brazil,-22.8269,-43.0539,34.87061370849098,28.783274651505053
Nezahualcoyotl,Mexico,19.4006,-99.0148,34.96348358154302,28.746808117255586
Nouakchott,Mauritania,18.0858,-15.9785,39.43817871093723,45.043812811374636
Haora,India,22.58,88.3294,40.71539764404298,57.332301579415784
Tongjin,South Korea,37.2333,127.2,33.58386596679691,81.12215921469029
Xiashi,China,30.5333,120.6833,36.210139160156245,37.02629645168781
Yerevan,Armenia,40.1814,44.5144,36.09001098632814,18.182665759697542
Bujumbura,Burundi,-3.3833,29.3667,36.482525634765636,19.481497240718408
Bishkek,Kyrgyzstan,42.8747,74.6122,35.829245300292996,19.288340938277532
Vereeniging,South Africa,-26.6736,27.9319,36.69183502197268,34.883803848177195
Taixing,China,32.1724,120.0142,34.555659179687495,36.637207232415655
Ranchi,India,23.36,85.33,41.15948577880863,61.71745421737447
Gwalior,India,26.2215,78.178,44.40781341552736,66.27713799476622
Zhongwei,China,37.5139,105.1884,34.32971008300785,27.511964784935117
Oslo,Norway,59.9133,10.7389,28.434869995117197,25.655145345255825
Edmonton,Canada,53.5344,-113.4903,30.459125671382456,19.154517106711815
Raleigh,United States,35.8324,-78.6429,38.871293945311784,40.80512490402902
Goyang,South Korea,37.65,126.8,32.70057525634769,75.64307401701808
Sendai,Japan,38.2682,140.8694,32.41815185546875,46.69443577341729
Mizhou,China,35.99,119.3801,32.476518554687516,50.61213907599454
Xishan,China,27.6609,113.4946,36.86802337646486,35.02911788597704
Barquisimeto,Venezuela,10.0678,-69.3467,35.04584899902154,29.44254941493274
Hegang,China,47.3139,130.2775,33.7522885131836,26.393254347145554
Tunis,Tunisia,36.8064,10.1817,38.184919738769565,30.239919788204105
Chandigarh,India,30.75,76.78,39.0289541625977,67.57856123149395
Voronezh,Russia,51.6717,39.2106,33.672829589843786,18.796459176577628
Vijayawada,India,16.5193,80.6305,42.1816653442383,58.58757238089964
Perm,Russia,58.0139,56.2489,31.138439025878938,15.518400287255643
Fangchenggang,China,21.6,108.3,36.01792205810551,36.4726328132673
Changwon,South Korea,35.2708,128.6631,32.88556091308595,88.15120613202461
Shouguang,China,36.8833,118.7333,36.95819824218751,46.25619569420809
Cartagena,Colombia,10.4,-75.5,38.668971557616835,43.60917308740317
Memphis,United States,35.1087,-89.9663,38.41296661376742,57.177912153303694
Jodhpur,India,26.28,73.02,44.45675964355473,75.99275447800795
Matola,Mozambique,-25.9667,32.4667,38.427538757324214,36.4923873078078
Ogbomoso,Nigeria,8.1333,4.25,39.453243713378924,33.105281962081754
Sanya,China,18.2533,109.5036,31.725911254882817,75.66575031727562
Rangapukur,Bangladesh,25.56,89.25,36.920739135742224,77.48204664140931
Bogor,Indonesia,-6.5966,106.7972,37.34256652832033,34.43599180318415
Wutong,China,30.6326,120.5474,36.210139160156245,37.02629645168781
Linhai,China,28.8523,121.1409,34.55700103759767,43.7692273389548
Managua,Nicaragua,12.1544,-86.2738,37.31535675048243,31.51377324387426
Shymkent,Kazakhstan,42.3167,69.5958,38.933415527343755,27.962831027805812
Denizli,Turkey,37.7667,29.0833,39.964337158203136,29.91497553884983
Niamey,Niger,13.515,2.1175,43.98849395751955,55.63680806010956
Shubra al Khaymah,Egypt,30.1286,31.2422,39.78677734375003,10.25826323311776
Maceio,Brazil,-9.6658,-35.735,34.924436035150435,29.253377337008686
Wafangdian,China,39.6271,121.9972,30.87344848632813,57.08195049315688
Louisville,United States,38.1663,-85.6485,36.88822174071693,37.64767290931196
Zhongxiang,China,31.169,112.5853,35.59016021728519,36.55450027808548
Monrovia,Liberia,6.3133,-10.8014,34.87655151367187,44.184246461838335
Odesa,Ukraine,46.4775,30.7326,33.2694049072266,24.607084393501275
Volgograd,Russia,48.7086,44.5147,36.92143218994141,22.185234976932467
Islamabad,Pakistan,33.6931,73.0639,41.89655090332036,61.885885410010864
Xinyi,China,22.3559,110.9369,35.317779846191456,43.278148882091116
Thu Duc,Vietnam,10.8266,106.7609,39.95369903564455,35.851737393066294
Raipur,India,21.25,81.63,44.78175201416019,49.124255374073954
Arequipa,Peru,-16.4,-71.5333,32.11585571288668,19.50991132669148
Richmond,United States,37.5295,-77.4756,38.642817077630966,44.72400198318061
Zaoyang,China,32.1287,112.7581,36.11851959228517,33.24891890678553
Buffalo,United States,42.9018,-78.8487,32.88428253173828,32.54847005568438
Xingyi,China,25.091,104.9011,31.250493164062505,29.49042480904609
Shuizhai,China,33.4433,114.8994,37.118796081542996,42.07536678202452
Kota,India,25.18,75.83,44.23929199218753,71.20330444537103
Quetta,Pakistan,30.1833,67.0,36.30205383300785,48.444883681833744
Tirana,Albania,41.3289,19.8178,35.21013275146487,40.97634900547563
Pago Pago,American Samoa,-14.274,-170.7046,28.97194122314454,34.72867440897969
Andorra la Vella,Andorra,42.5,1.5,25.609717407226583,47.42168384045359
Saint John's,Antigua and Barbuda,17.1167,-61.85,31.494100646967397,59.275701116770485
Oranjestad,Aruba,12.5186,-70.0358,28.58650787353234,21.21277276519686
Manama,Bahrain,26.225,50.5775,46.153907775878906,39.68826229870323
Bridgetown,Barbados,13.0975,-59.6167,30.841524658201966,41.51800604537127
Belize City,Belize,17.4986,-88.1886,35.33620239257408,40.07036785036326
Cotonou,Benin,6.3667,2.4333,39.98656951904297,27.949742887169144
Hamilton,Bermuda,32.2942,-64.7839,31.869537353515625,37.335379868745825
Thimphu,Bhutan,27.4722,89.6361,18.905935058593798,63.08044551685454
Kralendijk,"Bonaire, Sint Eustatius, and Saba",12.1444,-68.2656,28.979821777339435,20.15595082193613
Sarajevo,Bosnia and Herzegovina,43.8564,18.4131,32.37061096191411,35.813111672177904
Gaborone,Botswana,-24.6581,25.9122,40.29598907470705,40.19600164890292
Road Town,British Virgin Islands,18.4167,-64.6167,31.237309570312064,54.827540874481215
Bandar Seri Begawan,Brunei,4.8903,114.9422,35.647932434082065,43.69619690626854
Praia,Cabo Verde,14.918,-23.509,28.79455749511622,51.71973556280136
George Town,Cayman Islands,19.2866,-81.3744,32.3426113891602,35.0374105386436
Bangui,Central African Republic,4.3733,18.5628,42.62966674804687,29.254907805472627
Moroni,Comoros,-11.699,43.256,28.530943298339878,51.98415476828825
Avarua,Cook Islands,-21.207,-159.771,24.29402282714579,44.4822433870285
Zagreb,Croatia,45.8167,15.9833,34.13494903564458,30.138272205367702
Willemstad,Curaçao,12.108,-68.935,36.50838989257811,27.328572020865973
Nicosia,Cyprus,35.1725,33.365,35.50081817626955,24.3997092358768
Djibouti,Djibouti,11.5883,43.145,42.554966125488306,92.22334869951032
Roseau,Dominica,15.3014,-61.3883,27.960377197265256,62.71749465912617
San Salvador,El Salvador,13.6989,-89.1914,37.73648956298607,32.55578587297347
Bata,Equatorial Guinea,1.865,9.77,32.75364624023439,40.158850371837545
Asmara,Eritrea,15.3228,38.925,31.282268981933612,58.2167270779609
Tallinn,Estonia,59.4372,24.7453,28.244586486816445,19.817555679939726
Stanley,Falkland Islands (Islas Malvinas),-51.7,-57.85,15.559727783201085,14.537877190858126
Torshavn,Faroe Islands,62.0,-6.7833,14.343273010253832,42.15387143567205
Palikir,Federated States of Micronesia,6.9178,158.185,29.60720367431645,35.09168131649492
Suva,Fiji,-18.1416,178.4419,29.284968261718745,58.74930520914484
Cayenne,French Guiana,4.933,-52.33,36.64025054931576,37.48034362681211
Papeete,French Polynesia,-17.5334,-149.5667,26.549169006344947,46.038815259933585
Libreville,Gabon,0.3903,9.4542,35.5351519775391,49.046267867088446
Gaza,Gaza Strip,31.5069,34.456,36.81117401123049,35.329372342675924
Gibraltar,Gibraltar,36.1333,-5.35,35.31188232421375,39.429560372606005
Nuuk,Greenland,64.1814,-51.6942,12.283768005371144,38.332147093489766
Saint David's,Grenada,12.0444,-61.6806,31.057069702148453,25.670179311186075
Pointe-a-Pitre,Guadeloupe,16.2411,-61.5331,29.18486480712879,64.75155483931307
Maina,Guam,13.4692,144.7332,30.970157470703157,125.13202284649009
Bissau,Guinea-Bissau,11.85,-15.5667,38.624818115233886,40.528922494500826
Georgetown,Guyana,6.8058,-58.1508,36.788717346191355,39.88819015212357
Port-au-Prince,Haiti,18.5333,-72.3333,31.38312744140602,55.678119845688386
Reykjavik,Iceland,64.1467,-21.94,14.900151672361025,20.36620611883697
Douglas,Isle Of Man,54.145,-4.482,21.574045715332005,46.835106052458286
Kingston,Jamaica,17.9714,-76.7931,31.65590118408204,74.88000010326496
Saint Helier,Jersey,49.1858,-2.11,26.652882385250187,31.8151156045496
Tarawa,Kiribati,1.3382,173.0176,31.78184448242189,32.67436350882049
Pristina,Kosovo,42.6633,21.1622,35.091565246582036,30.10058014467361
Vientiane,Laos,17.9667,102.6,42.73605682373051,33.497966992668694
Riga,Latvia,56.9489,24.1064,30.2353750610352,18.26939585153018
Maseru,Lesotho,-29.31,27.48,35.582215576171905,39.211996047757516
Schaan,Liechtenstein,47.1667,9.5097,24.34754638671876,39.45788424834607
Vilnius,Lithuania,54.6872,25.28,30.645823059082034,18.300623138900836
Luxembourg,Luxembourg,49.6117,6.1319,31.911904296875036,20.105182841420156
Macau,Macau,22.2006,113.5461,35.57299743652345,51.09173233062032
Skopje,Macedonia,41.9961,21.4317,32.85092590332033,25.48488613497464
Male,Maldives,4.1753,73.5089,,
Valletta,Malta,35.8983,14.5125,33.126273193359395,28.722420752048457
Majuro,Marshall Islands,7.0833,171.3833,30.907160034179697,27.138897255063075
Fort-de-France,Martinique,14.6,-61.0667,30.23386108398116,50.74526931345461
Curepipe,Mauritius,-20.3188,57.5263,28.34571624755864,71.75861304067067
Mamoudzou,Mayotte,-12.7794,45.2272,30.503948364257838,57.55110510997474
Chisinau,Moldova,47.0228,28.8353,33.935608520507856,24.871518786996596
Monaco,Monaco,43.7333,7.4167,31.398547973632844,37.843220807611935
Podgorica,Montenegro,42.4413,19.2629,35.29552856445315,50.14229219779363
Brades,Montserrat,16.7928,-62.2106,30.41917907714656,62.07495087012645
Windhoek,Namibia,-22.57,17.0836,34.86832977294927,40.17972473055133
Kathmandu,Nepal,27.7172,85.324,32.47700988769532,84.9830252677203
Noumea,New Caledonia,-22.2758,166.458,26.649932861328125,47.56093846634027
Alofi,Niue,-19.056,-169.921,27.46211090087894,42.30371129885316
Capitol Hill,Northern Mariana Islands,15.2137,145.7546,31.375412597656293,107.13328593224252
Koror,Palau,7.3419,134.4792,31.3195492553711,38.041241685859845
Port Moresby,Papua New Guinea,-9.4789,147.1494,36.279951477050815,36.47730154171586
Asuncion,Paraguay,-25.3,-57.6333,39.61668853759767,61.16085061803463
Saint-Denis,Reunion,-20.8789,55.4481,24.893191528320358,63.67180516384539
Jamestown,"Saint Helena, Ascension, and Tristan da Cunha",-15.9251,-5.7179,21.97019989013563,102.7787870205937
Basseterre,Saint Kitts and Nevis,17.3,-62.7333,30.401920776362694,55.495471067726605
Castries,Saint Lucia,14.0167,-60.9833,31.356870727539103,39.2762124314904
Marigot,Saint Martin,18.0706,-63.0847,31.159031372069652,44.565167700871946
Kingstown,Saint Vincent and the Grenadines,13.1578,-61.225,31.64456207275076,26.043103560805296
Apia,Samoa,-13.8333,-171.75,30.758570251463173,42.2444618716836
Serravalle,San Marino,43.9694,12.4784,30.54324157714848,25.25150976050646
Sao Tome,Sao Tome and Principe,0.3361,6.7306,26.323800354003936,34.5983142983169
Victoria,Seychelles,-4.6167,55.45,31.38233856201174,34.402101296000176
Freetown,Sierra Leone,8.4844,-13.2344,37.74696685790945,55.256045037880575
Philipsburg,Sint Maarten,18.0237,-63.0458,31.159031372069652,44.565167700871946
Bratislava,Slovakia,48.1439,17.1097,33.43598541259769,21.672882093116595
Ljubljana,Slovenia,46.0514,14.5061,32.90360504150391,46.377479285001755
Honiara,Solomon Islands,-9.4319,159.9556,29.4099047851563,34.91849408950658
Grytviken,South Georgia and South Sandwich Islands,-54.2806,-36.508,6.7185375976553,32.08846621401611
Juba,South Sudan,4.85,31.6,44.93726715087894,30.639940073713635
Paramaribo,Suriname,5.8522,-55.2039,36.796959228515625,30.84577925596385
Manzini,Swaziland,-26.4833,31.3667,35.58543334960939,42.39275949820879
Zurich,Switzerland,47.3744,8.5411,30.536155090332045,27.16283315420151
Dushanbe,Tajikistan,38.5367,68.78,37.59749755859377,25.95159052871159
Nassau,The Bahamas,25.0781,-77.3386,32.754814453120396,43.80581771582369
Banjul,The Gambia,13.4531,-16.5775,38.72733215331998,48.47374130040407
Dili,Timor-Leste,-8.5536,125.5783,28.20341430664064,35.274982273578644
Lome,Togo,6.1319,1.2228,38.225059509277344,21.745788733474907
Nuku`alofa,Tonga,-21.1333,-175.2,27.549997863769534,42.98257082328199
Chaguanas,Trinidad and Tobago,10.5167,-61.4,32.920398254394335,27.727939272299395
Ashgabat,Turkmenistan,37.95,58.3833,41.3940151977539,28.906076640821937
Grand Turk,Turks and Caicos Islands,21.4664,-71.136,29.011285400389205,26.80778031237416
Funafuti,Tuvalu,-8.5167,179.2,31.322304382324262,33.343970417976315
Port-Vila,Vanuatu,-17.7333,168.3167,28.65945556640628,47.29658277891575
Vatican City,Vatican City,41.904,12.453,35.66929046630861,25.762144111096827
Hebron,West Bank,31.5333,35.095,34.39041198730473,40.44650159776211
Glasgow,United Kingdom,55.8611,-4.25,23.87500335693343,36.52247623633589
Edinburgh,United Kingdom,55.9533,-3.1892,23.28914672851432,24.4551484845579
Dundee,United Kingdom,56.462,-2.9707,22.711547241207793,30.82556484639645
Aberdeen,United Kingdom,57.15,-2.11,20.997644958493183,26.576392209157305
Inverness,United Kingdom,57.4778,-4.2247,21.913251647948968,27.835566027089914
Elgin,United Kingdom,57.65,-3.315,22.547895202636766,22.148628858849403
Heidelberg,Germany,49.4167,8.7167,33.735382385253956,15.433375640306503
Dortmund,Germany,51.5167,7.4667,31.065123291015652,19.469326855614696
Urbana,United States,40.1107,-88.1973,35.5793441772425,37.434699637815335
Champaign,United States,40.1142,-88.2737,35.6187863159176,36.85013551823796
Carbondale,United States,37.7221,-89.2237,38.051798400877004,46.670061584561985
Ithaca,United States,42.4442,-76.5032,33.53279876708475,31.89368018042295
